time,customer_no,location
2023-09-18 15:52:14.102568,1,entrance
2023-09-18 15:52:14.102568,2,entrance
2023-09-18 15:52:14.102568,3,entrance
2023-09-18 15:53:14.102568,1,dairy
2023-09-18 15:53:14.102568,2,dairy
2023-09-18 15:53:14.102568,3,fruit
2023-09-18 15:53:14.102568,4,entrance
2023-09-18 15:53:14.102568,5,entrance
2023-09-18 15:53:14.102568,6,entrance
2023-09-18 15:54:14.102568,1,spices
2023-09-18 15:54:14.102568,2,fruit
2023-09-18 15:54:14.102568,3,drinks
2023-09-18 15:54:14.102568,4,drinks
2023-09-18 15:54:14.102568,5,checkout
2023-09-18 15:54:14.102568,6,drinks
2023-09-18 15:54:14.102568,7,entrance
2023-09-18 15:54:14.102568,8,entrance
2023-09-18 15:54:14.102568,9,entrance
2023-09-18 15:55:14.102568,1,spices
2023-09-18 15:55:14.102568,2,spices
2023-09-18 15:55:14.102568,3,spices
2023-09-18 15:55:14.102568,4,dairy
2023-09-18 15:55:14.102568,6,spices
2023-09-18 15:55:14.102568,7,drinks
2023-09-18 15:55:14.102568,8,checkout
2023-09-18 15:55:14.102568,9,checkout
2023-09-18 15:55:14.102568,10,entrance
2023-09-18 15:55:14.102568,11,entrance
2023-09-18 15:55:14.102568,12,entrance
2023-09-18 15:56:14.102568,1,fruit
2023-09-18 15:56:14.102568,2,drinks
2023-09-18 15:56:14.102568,3,drinks
2023-09-18 15:56:14.102568,4,fruit
2023-09-18 15:56:14.102568,6,drinks
2023-09-18 15:56:14.102568,7,spices
2023-09-18 15:56:14.102568,9,spices
2023-09-18 15:56:14.102568,10,drinks
2023-09-18 15:56:14.102568,11,dairy
2023-09-18 15:56:14.102568,12,checkout
2023-09-18 15:56:14.102568,13,entrance
2023-09-18 15:56:14.102568,14,entrance
2023-09-18 15:56:14.102568,15,entrance
2023-09-18 15:57:14.102568,1,fruit
2023-09-18 15:57:14.102568,2,spices
2023-09-18 15:57:14.102568,3,spices
2023-09-18 15:57:14.102568,4,spices
2023-09-18 15:57:14.102568,6,dairy
2023-09-18 15:57:14.102568,7,spices
2023-09-18 15:57:14.102568,9,dairy
2023-09-18 15:57:14.102568,10,checkout
2023-09-18 15:57:14.102568,11,dairy
2023-09-18 15:57:14.102568,13,drinks
2023-09-18 15:57:14.102568,14,checkout
2023-09-18 15:57:14.102568,15,checkout
2023-09-18 15:57:14.102568,16,entrance
2023-09-18 15:57:14.102568,17,entrance
2023-09-18 15:57:14.102568,18,entrance
2023-09-18 15:58:14.102568,1,drinks
2023-09-18 15:58:14.102568,2,dairy
2023-09-18 15:58:14.102568,3,dairy
2023-09-18 15:58:14.102568,4,fruit
2023-09-18 15:58:14.102568,6,spices
2023-09-18 15:58:14.102568,7,spices
2023-09-18 15:58:14.102568,9,spices
2023-09-18 15:58:14.102568,11,spices
2023-09-18 15:58:14.102568,13,dairy
2023-09-18 15:58:14.102568,15,spices
2023-09-18 15:58:14.102568,16,dairy
2023-09-18 15:58:14.102568,17,fruit
2023-09-18 15:58:14.102568,18,dairy
2023-09-18 15:58:14.102568,19,entrance
2023-09-18 15:58:14.102568,20,entrance
2023-09-18 15:58:14.102568,21,entrance
2023-09-18 15:59:14.102568,1,spices
2023-09-18 15:59:14.102568,2,checkout
2023-09-18 15:59:14.102568,3,spices
2023-09-18 15:59:14.102568,4,spices
2023-09-18 15:59:14.102568,6,fruit
2023-09-18 15:59:14.102568,7,dairy
2023-09-18 15:59:14.102568,9,spices
2023-09-18 15:59:14.102568,11,drinks
2023-09-18 15:59:14.102568,13,dairy
2023-09-18 15:59:14.102568,15,drinks
2023-09-18 15:59:14.102568,16,spices
2023-09-18 15:59:14.102568,17,spices
2023-09-18 15:59:14.102568,18,fruit
2023-09-18 15:59:14.102568,19,dairy
2023-09-18 15:59:14.102568,20,checkout
2023-09-18 15:59:14.102568,21,checkout
2023-09-18 15:59:14.102568,22,entrance
2023-09-18 15:59:14.102568,23,entrance
2023-09-18 15:59:14.102568,24,entrance
2023-09-18 16:00:14.102568,1,spices
2023-09-18 16:00:14.102568,3,fruit
2023-09-18 16:00:14.102568,4,fruit
2023-09-18 16:00:14.102568,6,drinks
2023-09-18 16:00:14.102568,7,fruit
2023-09-18 16:00:14.102568,9,fruit
2023-09-18 16:00:14.102568,11,checkout
2023-09-18 16:00:14.102568,13,checkout
2023-09-18 16:00:14.102568,15,spices
2023-09-18 16:00:14.102568,16,fruit
2023-09-18 16:00:14.102568,17,spices
2023-09-18 16:00:14.102568,18,spices
2023-09-18 16:00:14.102568,19,dairy
2023-09-18 16:00:14.102568,21,spices
2023-09-18 16:00:14.102568,22,drinks
2023-09-18 16:00:14.102568,23,drinks
2023-09-18 16:00:14.102568,24,dairy
2023-09-18 16:00:14.102568,25,entrance
2023-09-18 16:00:14.102568,26,entrance
2023-09-18 16:00:14.102568,27,entrance
2023-09-18 16:01:14.102568,1,fruit
2023-09-18 16:01:14.102568,3,spices
2023-09-18 16:01:14.102568,4,spices
2023-09-18 16:01:14.102568,6,checkout
2023-09-18 16:01:14.102568,7,checkout
2023-09-18 16:01:14.102568,9,spices
2023-09-18 16:01:14.102568,13,spices
2023-09-18 16:01:14.102568,15,fruit
2023-09-18 16:01:14.102568,16,fruit
2023-09-18 16:01:14.102568,17,drinks
2023-09-18 16:01:14.102568,18,drinks
2023-09-18 16:01:14.102568,19,fruit
2023-09-18 16:01:14.102568,21,drinks
2023-09-18 16:01:14.102568,22,spices
2023-09-18 16:01:14.102568,23,spices
2023-09-18 16:01:14.102568,24,spices
2023-09-18 16:01:14.102568,25,dairy
2023-09-18 16:01:14.102568,26,checkout
2023-09-18 16:01:14.102568,27,drinks
2023-09-18 16:01:14.102568,28,entrance
2023-09-18 16:01:14.102568,29,entrance
2023-09-18 16:01:14.102568,30,entrance
2023-09-18 16:02:14.102568,1,fruit
2023-09-18 16:02:14.102568,3,drinks
2023-09-18 16:02:14.102568,4,spices
2023-09-18 16:02:14.102568,7,spices
2023-09-18 16:02:14.102568,9,dairy
2023-09-18 16:02:14.102568,13,fruit
2023-09-18 16:02:14.102568,15,fruit
2023-09-18 16:02:14.102568,16,checkout
2023-09-18 16:02:14.102568,17,checkout
2023-09-18 16:02:14.102568,18,spices
2023-09-18 16:02:14.102568,19,fruit
2023-09-18 16:02:14.102568,21,dairy
2023-09-18 16:02:14.102568,22,fruit
2023-09-18 16:02:14.102568,23,fruit
2023-09-18 16:02:14.102568,24,fruit
2023-09-18 16:02:14.102568,25,spices
2023-09-18 16:02:14.102568,27,dairy
2023-09-18 16:02:14.102568,28,fruit
2023-09-18 16:02:14.102568,29,drinks
2023-09-18 16:02:14.102568,30,checkout
2023-09-18 16:02:14.102568,31,entrance
2023-09-18 16:02:14.102568,32,entrance
2023-09-18 16:02:14.102568,33,entrance
2023-09-18 16:03:14.102568,1,fruit
2023-09-18 16:03:14.102568,3,spices
2023-09-18 16:03:14.102568,4,drinks
2023-09-18 16:03:14.102568,7,fruit
2023-09-18 16:03:14.102568,9,spices
2023-09-18 16:03:14.102568,13,spices
2023-09-18 16:03:14.102568,15,spices
2023-09-18 16:03:14.102568,17,spices
2023-09-18 16:03:14.102568,18,drinks
2023-09-18 16:03:14.102568,19,fruit
2023-09-18 16:03:14.102568,21,spices
2023-09-18 16:03:14.102568,22,spices
2023-09-18 16:03:14.102568,23,spices
2023-09-18 16:03:14.102568,24,fruit
2023-09-18 16:03:14.102568,25,fruit
2023-09-18 16:03:14.102568,27,dairy
2023-09-18 16:03:14.102568,28,spices
2023-09-18 16:03:14.102568,29,checkout
2023-09-18 16:03:14.102568,31,drinks
2023-09-18 16:03:14.102568,32,checkout
2023-09-18 16:03:14.102568,33,dairy
2023-09-18 16:03:14.102568,34,entrance
2023-09-18 16:03:14.102568,35,entrance
2023-09-18 16:03:14.102568,36,entrance
2023-09-18 16:04:14.102568,1,spices
2023-09-18 16:04:14.102568,3,spices
2023-09-18 16:04:14.102568,4,dairy
2023-09-18 16:04:14.102568,7,checkout
2023-09-18 16:04:14.102568,9,fruit
2023-09-18 16:04:14.102568,13,drinks
2023-09-18 16:04:14.102568,15,fruit
2023-09-18 16:04:14.102568,17,drinks
2023-09-18 16:04:14.102568,18,drinks
2023-09-18 16:04:14.102568,19,spices
2023-09-18 16:04:14.102568,21,spices
2023-09-18 16:04:14.102568,22,fruit
2023-09-18 16:04:14.102568,23,drinks
2023-09-18 16:04:14.102568,24,spices
2023-09-18 16:04:14.102568,25,spices
2023-09-18 16:04:14.102568,27,spices
2023-09-18 16:04:14.102568,28,spices
2023-09-18 16:04:14.102568,31,spices
2023-09-18 16:04:14.102568,33,spices
2023-09-18 16:04:14.102568,34,drinks
2023-09-18 16:04:14.102568,35,drinks
2023-09-18 16:04:14.102568,36,dairy
2023-09-18 16:04:14.102568,37,entrance
2023-09-18 16:04:14.102568,38,entrance
2023-09-18 16:04:14.102568,39,entrance
2023-09-18 16:05:14.102568,1,spices
2023-09-18 16:05:14.102568,3,fruit
2023-09-18 16:05:14.102568,4,spices
2023-09-18 16:05:14.102568,9,spices
2023-09-18 16:05:14.102568,13,spices
2023-09-18 16:05:14.102568,15,spices
2023-09-18 16:05:14.102568,17,dairy
2023-09-18 16:05:14.102568,18,spices
2023-09-18 16:05:14.102568,19,fruit
2023-09-18 16:05:14.102568,21,spices
2023-09-18 16:05:14.102568,22,spices
2023-09-18 16:05:14.102568,23,spices
2023-09-18 16:05:14.102568,24,spices
2023-09-18 16:05:14.102568,25,fruit
2023-09-18 16:05:14.102568,27,dairy
2023-09-18 16:05:14.102568,28,spices
2023-09-18 16:05:14.102568,31,drinks
2023-09-18 16:05:14.102568,33,fruit
2023-09-18 16:05:14.102568,34,dairy
2023-09-18 16:05:14.102568,35,checkout
2023-09-18 16:05:14.102568,36,fruit
2023-09-18 16:05:14.102568,37,dairy
2023-09-18 16:05:14.102568,38,fruit
2023-09-18 16:05:14.102568,39,fruit
2023-09-18 16:05:14.102568,40,entrance
2023-09-18 16:05:14.102568,41,entrance
2023-09-18 16:05:14.102568,42,entrance
2023-09-18 16:06:14.102568,1,spices
2023-09-18 16:06:14.102568,3,spices
2023-09-18 16:06:14.102568,4,fruit
2023-09-18 16:06:14.102568,9,dairy
2023-09-18 16:06:14.102568,13,fruit
2023-09-18 16:06:14.102568,15,drinks
2023-09-18 16:06:14.102568,17,checkout
2023-09-18 16:06:14.102568,18,dairy
2023-09-18 16:06:14.102568,19,spices
2023-09-18 16:06:14.102568,21,spices
2023-09-18 16:06:14.102568,22,drinks
2023-09-18 16:06:14.102568,23,fruit
2023-09-18 16:06:14.102568,24,fruit
2023-09-18 16:06:14.102568,25,checkout
2023-09-18 16:06:14.102568,27,spices
2023-09-18 16:06:14.102568,28,fruit
2023-09-18 16:06:14.102568,31,spices
2023-09-18 16:06:14.102568,33,drinks
2023-09-18 16:06:14.102568,34,spices
2023-09-18 16:06:14.102568,36,spices
2023-09-18 16:06:14.102568,37,spices
2023-09-18 16:06:14.102568,38,fruit
2023-09-18 16:06:14.102568,39,checkout
2023-09-18 16:06:14.102568,40,drinks
2023-09-18 16:06:14.102568,41,drinks
2023-09-18 16:06:14.102568,42,fruit
2023-09-18 16:06:14.102568,43,entrance
2023-09-18 16:06:14.102568,44,entrance
2023-09-18 16:06:14.102568,45,entrance
2023-09-18 16:07:14.102568,1,fruit
2023-09-18 16:07:14.102568,3,fruit
2023-09-18 16:07:14.102568,4,drinks
2023-09-18 16:07:14.102568,9,spices
2023-09-18 16:07:14.102568,13,drinks
2023-09-18 16:07:14.102568,15,dairy
2023-09-18 16:07:14.102568,18,dairy
2023-09-18 16:07:14.102568,19,drinks
2023-09-18 16:07:14.102568,21,dairy
2023-09-18 16:07:14.102568,22,spices
2023-09-18 16:07:14.102568,23,drinks
2023-09-18 16:07:14.102568,24,spices
2023-09-18 16:07:14.102568,27,fruit
2023-09-18 16:07:14.102568,28,spices
2023-09-18 16:07:14.102568,31,spices
2023-09-18 16:07:14.102568,33,dairy
2023-09-18 16:07:14.102568,34,spices
2023-09-18 16:07:14.102568,36,dairy
2023-09-18 16:07:14.102568,37,dairy
2023-09-18 16:07:14.102568,38,spices
2023-09-18 16:07:14.102568,40,spices
2023-09-18 16:07:14.102568,41,dairy
2023-09-18 16:07:14.102568,42,spices
2023-09-18 16:07:14.102568,43,dairy
2023-09-18 16:07:14.102568,44,dairy
2023-09-18 16:07:14.102568,45,checkout
2023-09-18 16:07:14.102568,46,entrance
2023-09-18 16:07:14.102568,47,entrance
2023-09-18 16:07:14.102568,48,entrance
2023-09-18 16:08:14.102568,1,spices
2023-09-18 16:08:14.102568,3,spices
2023-09-18 16:08:14.102568,4,dairy
2023-09-18 16:08:14.102568,9,fruit
2023-09-18 16:08:14.102568,13,spices
2023-09-18 16:08:14.102568,15,spices
2023-09-18 16:08:14.102568,18,dairy
2023-09-18 16:08:14.102568,19,spices
2023-09-18 16:08:14.102568,21,dairy
2023-09-18 16:08:14.102568,22,fruit
2023-09-18 16:08:14.102568,23,spices
2023-09-18 16:08:14.102568,24,fruit
2023-09-18 16:08:14.102568,27,fruit
2023-09-18 16:08:14.102568,28,spices
2023-09-18 16:08:14.102568,31,dairy
2023-09-18 16:08:14.102568,33,dairy
2023-09-18 16:08:14.102568,34,drinks
2023-09-18 16:08:14.102568,36,dairy
2023-09-18 16:08:14.102568,37,spices
2023-09-18 16:08:14.102568,38,drinks
2023-09-18 16:08:14.102568,40,fruit
2023-09-18 16:08:14.102568,41,spices
2023-09-18 16:08:14.102568,42,drinks
2023-09-18 16:08:14.102568,43,checkout
2023-09-18 16:08:14.102568,44,spices
2023-09-18 16:08:14.102568,46,dairy
2023-09-18 16:08:14.102568,47,checkout
2023-09-18 16:08:14.102568,48,dairy
2023-09-18 16:08:14.102568,49,entrance
2023-09-18 16:08:14.102568,50,entrance
2023-09-18 16:08:14.102568,51,entrance
2023-09-18 16:09:14.102568,1,drinks
2023-09-18 16:09:14.102568,3,fruit
2023-09-18 16:09:14.102568,4,fruit
2023-09-18 16:09:14.102568,9,spices
2023-09-18 16:09:14.102568,13,dairy
2023-09-18 16:09:14.102568,15,dairy
2023-09-18 16:09:14.102568,18,fruit
2023-09-18 16:09:14.102568,19,drinks
2023-09-18 16:09:14.102568,21,spices
2023-09-18 16:09:14.102568,22,checkout
2023-09-18 16:09:14.102568,23,drinks
2023-09-18 16:09:14.102568,24,spices
2023-09-18 16:09:14.102568,27,spices
2023-09-18 16:09:14.102568,28,dairy
2023-09-18 16:09:14.102568,31,spices
2023-09-18 16:09:14.102568,33,fruit
2023-09-18 16:09:14.102568,34,dairy
2023-09-18 16:09:14.102568,36,dairy
2023-09-18 16:09:14.102568,37,fruit
2023-09-18 16:09:14.102568,38,spices
2023-09-18 16:09:14.102568,40,drinks
2023-09-18 16:09:14.102568,41,fruit
2023-09-18 16:09:14.102568,42,checkout
2023-09-18 16:09:14.102568,44,dairy
2023-09-18 16:09:14.102568,46,checkout
2023-09-18 16:09:14.102568,48,fruit
2023-09-18 16:09:14.102568,49,dairy
2023-09-18 16:09:14.102568,50,dairy
2023-09-18 16:09:14.102568,51,drinks
2023-09-18 16:09:14.102568,52,entrance
2023-09-18 16:09:14.102568,53,entrance
2023-09-18 16:09:14.102568,54,entrance
2023-09-18 16:10:14.102568,1,checkout
2023-09-18 16:10:14.102568,3,spices
2023-09-18 16:10:14.102568,4,drinks
2023-09-18 16:10:14.102568,9,fruit
2023-09-18 16:10:14.102568,13,spices
2023-09-18 16:10:14.102568,15,spices
2023-09-18 16:10:14.102568,18,drinks
2023-09-18 16:10:14.102568,19,dairy
2023-09-18 16:10:14.102568,21,fruit
2023-09-18 16:10:14.102568,23,dairy
2023-09-18 16:10:14.102568,24,drinks
2023-09-18 16:10:14.102568,27,spices
2023-09-18 16:10:14.102568,28,dairy
2023-09-18 16:10:14.102568,31,drinks
2023-09-18 16:10:14.102568,33,spices
2023-09-18 16:10:14.102568,34,spices
2023-09-18 16:10:14.102568,36,spices
2023-09-18 16:10:14.102568,37,spices
2023-09-18 16:10:14.102568,38,drinks
2023-09-18 16:10:14.102568,40,spices
2023-09-18 16:10:14.102568,41,spices
2023-09-18 16:10:14.102568,44,dairy
2023-09-18 16:10:14.102568,48,checkout
2023-09-18 16:10:14.102568,49,checkout
2023-09-18 16:10:14.102568,50,dairy
2023-09-18 16:10:14.102568,51,spices
2023-09-18 16:10:14.102568,52,checkout
2023-09-18 16:10:14.102568,53,drinks
2023-09-18 16:10:14.102568,54,drinks
2023-09-18 16:10:14.102568,55,entrance
2023-09-18 16:10:14.102568,56,entrance
2023-09-18 16:10:14.102568,57,entrance
2023-09-18 16:11:14.102568,3,drinks
2023-09-18 16:11:14.102568,4,checkout
2023-09-18 16:11:14.102568,9,fruit
2023-09-18 16:11:14.102568,13,fruit
2023-09-18 16:11:14.102568,15,spices
2023-09-18 16:11:14.102568,18,drinks
2023-09-18 16:11:14.102568,19,spices
2023-09-18 16:11:14.102568,21,spices
2023-09-18 16:11:14.102568,23,spices
2023-09-18 16:11:14.102568,24,checkout
2023-09-18 16:11:14.102568,27,drinks
2023-09-18 16:11:14.102568,28,spices
2023-09-18 16:11:14.102568,31,spices
2023-09-18 16:11:14.102568,33,fruit
2023-09-18 16:11:14.102568,34,fruit
2023-09-18 16:11:14.102568,36,spices
2023-09-18 16:11:14.102568,37,drinks
2023-09-18 16:11:14.102568,38,checkout
2023-09-18 16:11:14.102568,40,fruit
2023-09-18 16:11:14.102568,41,drinks
2023-09-18 16:11:14.102568,44,spices
2023-09-18 16:11:14.102568,49,spices
2023-09-18 16:11:14.102568,50,fruit
2023-09-18 16:11:14.102568,51,drinks
2023-09-18 16:11:14.102568,53,spices
2023-09-18 16:11:14.102568,54,checkout
2023-09-18 16:11:14.102568,55,fruit
2023-09-18 16:11:14.102568,56,dairy
2023-09-18 16:11:14.102568,57,checkout
2023-09-18 16:11:14.102568,58,entrance
2023-09-18 16:11:14.102568,59,entrance
2023-09-18 16:11:14.102568,60,entrance
2023-09-18 16:12:14.102568,3,spices
2023-09-18 16:12:14.102568,9,spices
2023-09-18 16:12:14.102568,13,drinks
2023-09-18 16:12:14.102568,15,drinks
2023-09-18 16:12:14.102568,18,spices
2023-09-18 16:12:14.102568,19,drinks
2023-09-18 16:12:14.102568,21,spices
2023-09-18 16:12:14.102568,23,spices
2023-09-18 16:12:14.102568,27,spices
2023-09-18 16:12:14.102568,28,fruit
2023-09-18 16:12:14.102568,31,fruit
2023-09-18 16:12:14.102568,33,spices
2023-09-18 16:12:14.102568,34,spices
2023-09-18 16:12:14.102568,36,drinks
2023-09-18 16:12:14.102568,37,spices
2023-09-18 16:12:14.102568,40,spices
2023-09-18 16:12:14.102568,41,spices
2023-09-18 16:12:14.102568,44,dairy
2023-09-18 16:12:14.102568,49,drinks
2023-09-18 16:12:14.102568,50,spices
2023-09-18 16:12:14.102568,51,spices
2023-09-18 16:12:14.102568,53,dairy
2023-09-18 16:12:14.102568,55,spices
2023-09-18 16:12:14.102568,56,fruit
2023-09-18 16:12:14.102568,58,dairy
2023-09-18 16:12:14.102568,59,dairy
2023-09-18 16:12:14.102568,60,dairy
2023-09-18 16:12:14.102568,61,entrance
2023-09-18 16:12:14.102568,62,entrance
2023-09-18 16:12:14.102568,63,entrance
2023-09-18 16:13:14.102568,3,fruit
2023-09-18 16:13:14.102568,9,spices
2023-09-18 16:13:14.102568,13,spices
2023-09-18 16:13:14.102568,15,spices
2023-09-18 16:13:14.102568,18,fruit
2023-09-18 16:13:14.102568,19,dairy
2023-09-18 16:13:14.102568,21,drinks
2023-09-18 16:13:14.102568,23,dairy
2023-09-18 16:13:14.102568,27,dairy
2023-09-18 16:13:14.102568,28,spices
2023-09-18 16:13:14.102568,31,spices
2023-09-18 16:13:14.102568,33,fruit
2023-09-18 16:13:14.102568,34,fruit
2023-09-18 16:13:14.102568,36,dairy
2023-09-18 16:13:14.102568,37,spices
2023-09-18 16:13:14.102568,40,drinks
2023-09-18 16:13:14.102568,41,spices
2023-09-18 16:13:14.102568,44,fruit
2023-09-18 16:13:14.102568,49,spices
2023-09-18 16:13:14.102568,50,spices
2023-09-18 16:13:14.102568,51,dairy
2023-09-18 16:13:14.102568,53,spices
2023-09-18 16:13:14.102568,55,drinks
2023-09-18 16:13:14.102568,56,drinks
2023-09-18 16:13:14.102568,58,spices
2023-09-18 16:13:14.102568,59,dairy
2023-09-18 16:13:14.102568,60,fruit
2023-09-18 16:13:14.102568,61,checkout
2023-09-18 16:13:14.102568,62,dairy
2023-09-18 16:13:14.102568,63,dairy
2023-09-18 16:13:14.102568,64,entrance
2023-09-18 16:13:14.102568,65,entrance
2023-09-18 16:13:14.102568,66,entrance
2023-09-18 16:14:14.102568,3,drinks
2023-09-18 16:14:14.102568,9,drinks
2023-09-18 16:14:14.102568,13,spices
2023-09-18 16:14:14.102568,15,drinks
2023-09-18 16:14:14.102568,18,spices
2023-09-18 16:14:14.102568,19,dairy
2023-09-18 16:14:14.102568,21,spices
2023-09-18 16:14:14.102568,23,spices
2023-09-18 16:14:14.102568,27,spices
2023-09-18 16:14:14.102568,28,drinks
2023-09-18 16:14:14.102568,31,drinks
2023-09-18 16:14:14.102568,33,checkout
2023-09-18 16:14:14.102568,34,fruit
2023-09-18 16:14:14.102568,36,fruit
2023-09-18 16:14:14.102568,37,fruit
2023-09-18 16:14:14.102568,40,checkout
2023-09-18 16:14:14.102568,41,fruit
2023-09-18 16:14:14.102568,44,checkout
2023-09-18 16:14:14.102568,49,drinks
2023-09-18 16:14:14.102568,50,fruit
2023-09-18 16:14:14.102568,51,spices
2023-09-18 16:14:14.102568,53,dairy
2023-09-18 16:14:14.102568,55,spices
2023-09-18 16:14:14.102568,56,checkout
2023-09-18 16:14:14.102568,58,fruit
2023-09-18 16:14:14.102568,59,spices
2023-09-18 16:14:14.102568,60,checkout
2023-09-18 16:14:14.102568,62,fruit
2023-09-18 16:14:14.102568,63,spices
2023-09-18 16:14:14.102568,64,drinks
2023-09-18 16:14:14.102568,65,dairy
2023-09-18 16:14:14.102568,66,drinks
2023-09-18 16:14:14.102568,67,entrance
2023-09-18 16:14:14.102568,68,entrance
2023-09-18 16:14:14.102568,69,entrance
2023-09-18 16:15:14.102568,3,checkout
2023-09-18 16:15:14.102568,9,dairy
2023-09-18 16:15:14.102568,13,drinks
2023-09-18 16:15:14.102568,15,spices
2023-09-18 16:15:14.102568,18,fruit
2023-09-18 16:15:14.102568,19,spices
2023-09-18 16:15:14.102568,21,spices
2023-09-18 16:15:14.102568,23,spices
2023-09-18 16:15:14.102568,27,drinks
2023-09-18 16:15:14.102568,28,checkout
2023-09-18 16:15:14.102568,31,spices
2023-09-18 16:15:14.102568,34,drinks
2023-09-18 16:15:14.102568,36,drinks
2023-09-18 16:15:14.102568,37,spices
2023-09-18 16:15:14.102568,41,fruit
2023-09-18 16:15:14.102568,49,checkout
2023-09-18 16:15:14.102568,50,checkout
2023-09-18 16:15:14.102568,51,fruit
2023-09-18 16:15:14.102568,53,fruit
2023-09-18 16:15:14.102568,55,drinks
2023-09-18 16:15:14.102568,58,spices
2023-09-18 16:15:14.102568,59,fruit
2023-09-18 16:15:14.102568,62,checkout
2023-09-18 16:15:14.102568,63,spices
2023-09-18 16:15:14.102568,64,spices
2023-09-18 16:15:14.102568,65,dairy
2023-09-18 16:15:14.102568,66,spices
2023-09-18 16:15:14.102568,67,dairy
2023-09-18 16:15:14.102568,68,dairy
2023-09-18 16:15:14.102568,69,fruit
2023-09-18 16:15:14.102568,70,entrance
2023-09-18 16:15:14.102568,71,entrance
2023-09-18 16:15:14.102568,72,entrance
2023-09-18 16:16:14.102568,9,spices
2023-09-18 16:16:14.102568,13,spices
2023-09-18 16:16:14.102568,15,fruit
2023-09-18 16:16:14.102568,18,fruit
2023-09-18 16:16:14.102568,19,spices
2023-09-18 16:16:14.102568,21,fruit
2023-09-18 16:16:14.102568,23,drinks
2023-09-18 16:16:14.102568,27,spices
2023-09-18 16:16:14.102568,31,drinks
2023-09-18 16:16:14.102568,34,dairy
2023-09-18 16:16:14.102568,36,checkout
2023-09-18 16:16:14.102568,37,spices
2023-09-18 16:16:14.102568,41,drinks
2023-09-18 16:16:14.102568,50,spices
2023-09-18 16:16:14.102568,51,spices
2023-09-18 16:16:14.102568,53,fruit
2023-09-18 16:16:14.102568,55,spices
2023-09-18 16:16:14.102568,58,spices
2023-09-18 16:16:14.102568,59,spices
2023-09-18 16:16:14.102568,63,drinks
2023-09-18 16:16:14.102568,64,spices
2023-09-18 16:16:14.102568,65,dairy
2023-09-18 16:16:14.102568,66,drinks
2023-09-18 16:16:14.102568,67,spices
2023-09-18 16:16:14.102568,68,spices
2023-09-18 16:16:14.102568,69,drinks
2023-09-18 16:16:14.102568,70,dairy
2023-09-18 16:16:14.102568,71,checkout
2023-09-18 16:16:14.102568,72,drinks
2023-09-18 16:16:14.102568,73,entrance
2023-09-18 16:16:14.102568,74,entrance
2023-09-18 16:16:14.102568,75,entrance
2023-09-18 16:17:14.102568,9,fruit
2023-09-18 16:17:14.102568,13,fruit
2023-09-18 16:17:14.102568,15,spices
2023-09-18 16:17:14.102568,18,drinks
2023-09-18 16:17:14.102568,19,drinks
2023-09-18 16:17:14.102568,21,fruit
2023-09-18 16:17:14.102568,23,dairy
2023-09-18 16:17:14.102568,27,drinks
2023-09-18 16:17:14.102568,31,spices
2023-09-18 16:17:14.102568,34,fruit
2023-09-18 16:17:14.102568,37,fruit
2023-09-18 16:17:14.102568,41,dairy
2023-09-18 16:17:14.102568,50,drinks
2023-09-18 16:17:14.102568,51,dairy
2023-09-18 16:17:14.102568,53,spices
2023-09-18 16:17:14.102568,55,drinks
2023-09-18 16:17:14.102568,58,dairy
2023-09-18 16:17:14.102568,59,dairy
2023-09-18 16:17:14.102568,63,checkout
2023-09-18 16:17:14.102568,64,fruit
2023-09-18 16:17:14.102568,65,spices
2023-09-18 16:17:14.102568,66,dairy
2023-09-18 16:17:14.102568,67,dairy
2023-09-18 16:17:14.102568,68,drinks
2023-09-18 16:17:14.102568,69,spices
2023-09-18 16:17:14.102568,70,fruit
2023-09-18 16:17:14.102568,72,spices
2023-09-18 16:17:14.102568,73,dairy
2023-09-18 16:17:14.102568,74,drinks
2023-09-18 16:17:14.102568,75,drinks
2023-09-18 16:17:14.102568,76,entrance
2023-09-18 16:17:14.102568,77,entrance
2023-09-18 16:17:14.102568,78,entrance
2023-09-18 16:18:14.102568,9,spices
2023-09-18 16:18:14.102568,13,drinks
2023-09-18 16:18:14.102568,15,dairy
2023-09-18 16:18:14.102568,18,spices
2023-09-18 16:18:14.102568,19,checkout
2023-09-18 16:18:14.102568,21,drinks
2023-09-18 16:18:14.102568,23,dairy
2023-09-18 16:18:14.102568,27,spices
2023-09-18 16:18:14.102568,31,drinks
2023-09-18 16:18:14.102568,34,fruit
2023-09-18 16:18:14.102568,37,checkout
2023-09-18 16:18:14.102568,41,spices
2023-09-18 16:18:14.102568,50,dairy
2023-09-18 16:18:14.102568,51,dairy
2023-09-18 16:18:14.102568,53,fruit
2023-09-18 16:18:14.102568,55,spices
2023-09-18 16:18:14.102568,58,fruit
2023-09-18 16:18:14.102568,59,spices
2023-09-18 16:18:14.102568,64,spices
2023-09-18 16:18:14.102568,65,spices
2023-09-18 16:18:14.102568,66,spices
2023-09-18 16:18:14.102568,67,spices
2023-09-18 16:18:14.102568,68,checkout
2023-09-18 16:18:14.102568,69,fruit
2023-09-18 16:18:14.102568,70,spices
2023-09-18 16:18:14.102568,72,spices
2023-09-18 16:18:14.102568,73,checkout
2023-09-18 16:18:14.102568,74,spices
2023-09-18 16:18:14.102568,75,dairy
2023-09-18 16:18:14.102568,76,checkout
2023-09-18 16:18:14.102568,77,drinks
2023-09-18 16:18:14.102568,78,dairy
2023-09-18 16:18:14.102568,79,entrance
2023-09-18 16:18:14.102568,80,entrance
2023-09-18 16:18:14.102568,81,entrance
2023-09-18 16:19:14.102568,9,drinks
2023-09-18 16:19:14.102568,13,dairy
2023-09-18 16:19:14.102568,15,spices
2023-09-18 16:19:14.102568,18,spices
2023-09-18 16:19:14.102568,21,spices
2023-09-18 16:19:14.102568,23,spices
2023-09-18 16:19:14.102568,27,fruit
2023-09-18 16:19:14.102568,31,spices
2023-09-18 16:19:14.102568,34,spices
2023-09-18 16:19:14.102568,41,fruit
2023-09-18 16:19:14.102568,50,spices
2023-09-18 16:19:14.102568,51,spices
2023-09-18 16:19:14.102568,53,fruit
2023-09-18 16:19:14.102568,55,fruit
2023-09-18 16:19:14.102568,58,spices
2023-09-18 16:19:14.102568,59,fruit
2023-09-18 16:19:14.102568,64,fruit
2023-09-18 16:19:14.102568,65,spices
2023-09-18 16:19:14.102568,66,spices
2023-09-18 16:19:14.102568,67,fruit
2023-09-18 16:19:14.102568,69,drinks
2023-09-18 16:19:14.102568,70,spices
2023-09-18 16:19:14.102568,72,drinks
2023-09-18 16:19:14.102568,74,drinks
2023-09-18 16:19:14.102568,75,checkout
2023-09-18 16:19:14.102568,77,checkout
2023-09-18 16:19:14.102568,78,fruit
2023-09-18 16:19:14.102568,79,drinks
2023-09-18 16:19:14.102568,80,fruit
2023-09-18 16:19:14.102568,81,fruit
2023-09-18 16:19:14.102568,82,entrance
2023-09-18 16:19:14.102568,83,entrance
2023-09-18 16:19:14.102568,84,entrance
2023-09-18 16:20:14.102568,9,spices
2023-09-18 16:20:14.102568,13,checkout
2023-09-18 16:20:14.102568,15,drinks
2023-09-18 16:20:14.102568,18,drinks
2023-09-18 16:20:14.102568,21,fruit
2023-09-18 16:20:14.102568,23,spices
2023-09-18 16:20:14.102568,27,spices
2023-09-18 16:20:14.102568,31,spices
2023-09-18 16:20:14.102568,34,fruit
2023-09-18 16:20:14.102568,41,spices
2023-09-18 16:20:14.102568,50,dairy
2023-09-18 16:20:14.102568,51,drinks
2023-09-18 16:20:14.102568,53,checkout
2023-09-18 16:20:14.102568,55,spices
2023-09-18 16:20:14.102568,58,drinks
2023-09-18 16:20:14.102568,59,checkout
2023-09-18 16:20:14.102568,64,checkout
2023-09-18 16:20:14.102568,65,fruit
2023-09-18 16:20:14.102568,66,dairy
2023-09-18 16:20:14.102568,67,spices
2023-09-18 16:20:14.102568,69,spices
2023-09-18 16:20:14.102568,70,spices
2023-09-18 16:20:14.102568,72,spices
2023-09-18 16:20:14.102568,74,checkout
2023-09-18 16:20:14.102568,77,spices
2023-09-18 16:20:14.102568,78,spices
2023-09-18 16:20:14.102568,79,spices
2023-09-18 16:20:14.102568,80,fruit
2023-09-18 16:20:14.102568,81,spices
2023-09-18 16:20:14.102568,82,dairy
2023-09-18 16:20:14.102568,83,drinks
2023-09-18 16:20:14.102568,84,checkout
2023-09-18 16:20:14.102568,85,entrance
2023-09-18 16:20:14.102568,86,entrance
2023-09-18 16:20:14.102568,87,entrance
2023-09-18 16:21:14.102568,9,drinks
2023-09-18 16:21:14.102568,15,spices
2023-09-18 16:21:14.102568,18,dairy
2023-09-18 16:21:14.102568,21,spices
2023-09-18 16:21:14.102568,23,drinks
2023-09-18 16:21:14.102568,27,fruit
2023-09-18 16:21:14.102568,31,drinks
2023-09-18 16:21:14.102568,34,spices
2023-09-18 16:21:14.102568,41,drinks
2023-09-18 16:21:14.102568,50,dairy
2023-09-18 16:21:14.102568,51,spices
2023-09-18 16:21:14.102568,55,fruit
2023-09-18 16:21:14.102568,58,checkout
2023-09-18 16:21:14.102568,64,spices
2023-09-18 16:21:14.102568,65,spices
2023-09-18 16:21:14.102568,66,checkout
2023-09-18 16:21:14.102568,67,spices
2023-09-18 16:21:14.102568,69,spices
2023-09-18 16:21:14.102568,70,fruit
2023-09-18 16:21:14.102568,72,drinks
2023-09-18 16:21:14.102568,77,drinks
2023-09-18 16:21:14.102568,78,fruit
2023-09-18 16:21:14.102568,79,spices
2023-09-18 16:21:14.102568,80,fruit
2023-09-18 16:21:14.102568,81,spices
2023-09-18 16:21:14.102568,82,spices
2023-09-18 16:21:14.102568,83,spices
2023-09-18 16:21:14.102568,85,drinks
2023-09-18 16:21:14.102568,86,dairy
2023-09-18 16:21:14.102568,87,checkout
2023-09-18 16:21:14.102568,88,entrance
2023-09-18 16:21:14.102568,89,entrance
2023-09-18 16:21:14.102568,90,entrance
2023-09-18 16:22:14.102568,9,checkout
2023-09-18 16:22:14.102568,15,fruit
2023-09-18 16:22:14.102568,18,checkout
2023-09-18 16:22:14.102568,21,fruit
2023-09-18 16:22:14.102568,23,spices
2023-09-18 16:22:14.102568,27,drinks
2023-09-18 16:22:14.102568,31,checkout
2023-09-18 16:22:14.102568,34,spices
2023-09-18 16:22:14.102568,41,spices
2023-09-18 16:22:14.102568,50,dairy
2023-09-18 16:22:14.102568,51,drinks
2023-09-18 16:22:14.102568,55,spices
2023-09-18 16:22:14.102568,64,spices
2023-09-18 16:22:14.102568,65,fruit
2023-09-18 16:22:14.102568,67,spices
2023-09-18 16:22:14.102568,69,drinks
2023-09-18 16:22:14.102568,70,checkout
2023-09-18 16:22:14.102568,72,spices
2023-09-18 16:22:14.102568,77,dairy
2023-09-18 16:22:14.102568,78,spices
2023-09-18 16:22:14.102568,79,drinks
2023-09-18 16:22:14.102568,80,checkout
2023-09-18 16:22:14.102568,81,drinks
2023-09-18 16:22:14.102568,82,dairy
2023-09-18 16:22:14.102568,83,drinks
2023-09-18 16:22:14.102568,85,spices
2023-09-18 16:22:14.102568,86,checkout
2023-09-18 16:22:14.102568,88,dairy
2023-09-18 16:22:14.102568,89,checkout
2023-09-18 16:22:14.102568,90,checkout
2023-09-18 16:22:14.102568,91,entrance
2023-09-18 16:22:14.102568,92,entrance
2023-09-18 16:22:14.102568,93,entrance
2023-09-18 16:22:14.102568,15,fruit
2023-09-18 16:22:14.102568,21,fruit
2023-09-18 16:22:14.102568,23,spices
2023-09-18 16:22:14.102568,27,drinks
2023-09-18 16:22:14.102568,34,spices
2023-09-18 16:22:14.102568,41,spices
2023-09-18 16:22:14.102568,50,dairy
2023-09-18 16:22:14.102568,51,drinks
2023-09-18 16:22:14.102568,55,spices
2023-09-18 16:22:14.102568,64,spices
2023-09-18 16:22:14.102568,65,fruit
2023-09-18 16:22:14.102568,67,spices
2023-09-18 16:22:14.102568,69,drinks
2023-09-18 16:22:14.102568,72,spices
2023-09-18 16:22:14.102568,77,dairy
2023-09-18 16:22:14.102568,78,spices
2023-09-18 16:22:14.102568,79,drinks
2023-09-18 16:22:14.102568,81,drinks
2023-09-18 16:22:14.102568,82,dairy
2023-09-18 16:22:14.102568,83,drinks
2023-09-18 16:22:14.102568,85,spices
2023-09-18 16:22:14.102568,88,dairy
2023-09-18 16:22:14.102568,90,checkout
2023-09-18 16:22:14.102568,91,entrance
2023-09-18 16:22:14.102568,92,entrance
2023-09-18 16:22:14.102568,93,entrance
